{
  "name": "monks-enhanced-journal",
  "title": "Monk's Enhanced Journal",
  "description": "Treat the journal like it's going to be popped out and used as a digital guide book.  Add extra information to summarize an encounter.  Show summaries of people and places.  Allow for bookmarking of commonly used pages",
	"version": "1.0.46",
	"minimumCoreVersion": "9",
	"compatibleCoreVersion": "9",
	"author": "IronMonk",
	"authors": [{
		"name": "IronMonk",
		"discord": "ironmonk88#4075",
		"patreon": "https://www.patreon.com/ironmonk"
    }],
  "socket": true,
  "languages": [
    {
		"lang": "en",
		"name": "English",
		"path": "lang/en.json"
    },
	{ 
		"lang": "it", 
		"name": "Italiano", 
		"path": "lang/it.json" 
	},
	{
		"lang": "es",
		"name": "Español",
		"path": "lang/es.json"
	},
	{
		"lang": "fr",
		"name": "Français",
		"path": "lang/fr.json"
	},
	{
		"lang": "ja",
		"name": "日本語",
		"path": "lang/ja.json"
	}
  ],
  "esmodules": [
    "monks-enhanced-journal.js",
    "settings.js"
  ],
  "scripts": [
    "js/jquery.mark.min.js"
  ],
  "styles": [ "css/monks-enhanced-journal.css", "css/editor.css" ],
  "packs": [],
  "url": "https://github.com/ironmonk88/monks-enhanced-journal",
  "download": "https://github.com/ironmonk88/monks-enhanced-journal/archive/1.0.46.zip",
  "manifest": "https://github.com/ironmonk88/monks-enhanced-journal/releases/latest/download/module.json",
  "bugs": "https://github.com/ironmonk88/monks-enhanced-journal/issues",
  "allowBugReporter": true
}
